pope_id,person_sequence,papal_name,display_name,slug,canonization_status,person_status,birth_name,birth_place,origin,religious_order,notes,source_basis
pope-001,1,Peter,Peter,peter,Saint,canonical-pope,,,,,,Canonical person list derived from the supplied source list and aligned to an Annuario Pontificio-style separation of canonical popes and antipopes.
pope-002,2,Linus,Linus,linus,Saint,canonical-pope,,,,,,Canonical person list derived from the supplied source list and aligned to an Annuario Pontificio-style separation of canonical popes and antipopes.
pope-003,3,Anacletus,Anacletus,anacletus,Saint,canonical-pope,,,,,Source list label: St. Anacletus (Cletus).,Canonical person list derived from the supplied source list and aligned to an Annuario Pontificio-style separation of canonical popes and antipopes.
pope-004,4,Clement I,Clement I,clement-i,Saint,canonical-pope,,,,,,Canonical person list derived from the supplied source list and aligned to an Annuario Pontificio-style separation of canonical popes and antipopes.
pope-005,5,Evaristus,Evaristus,evaristus,Saint,canonical-pope,,,,,,Canonical person list derived from the supplied source list and aligned to an Annuario Pontificio-style separation of canonical popes and antipopes.
pope-006,6,Alexander I,Alexander I,alexander-i,Saint,canonical-pope,,,,,,Canonical person list derived from the supplied source list and aligned to an Annuario Pontificio-style separation of canonical popes and antipopes.
pope-007,7,Sixtus I,Sixtus I,sixtus-i,Saint,canonical-pope,,,,,,Canonical person list derived from the supplied source list and aligned to an Annuario Pontificio-style separation of canonical popes and antipopes.
pope-008,8,Telesphorus,Telesphorus,telesphorus,Saint,canonical-pope,,,,,,Canonical person list derived from the supplied source list and aligned to an Annuario Pontificio-style separation of canonical popes and antipopes.
pope-009,9,Hyginus,Hyginus,hyginus,Saint,canonical-pope,,,,,,Canonical person list derived from the supplied source list and aligned to an Annuario Pontificio-style separation of canonical popes and antipopes.
pope-010,10,Pius I,Pius I,pius-i,Saint,canonical-pope,,,,,,Canonical person list derived from the supplied source list and aligned to an Annuario Pontificio-style separation of canonical popes and antipopes.
pope-011,11,Anicetus,Anicetus,anicetus,Saint,canonical-pope,,,,,,Canonical person list derived from the supplied source list and aligned to an Annuario Pontificio-style separation of canonical popes and antipopes.
pope-012,12,Soter,Soter,soter,Saint,canonical-pope,,,,,,Canonical person list derived from the supplied source list and aligned to an Annuario Pontificio-style separation of canonical popes and antipopes.
pope-013,13,Eleutherius,Eleutherius,eleutherius,Saint,canonical-pope,,,,,,Canonical person list derived from the supplied source list and aligned to an Annuario Pontificio-style separation of canonical popes and antipopes.
pope-014,14,Victor I,Victor I,victor-i,Saint,canonical-pope,,,,,,Canonical person list derived from the supplied source list and aligned to an Annuario Pontificio-style separation of canonical popes and antipopes.
pope-015,15,Zephyrinus,Zephyrinus,zephyrinus,Saint,canonical-pope,,,,,,Canonical person list derived from the supplied source list and aligned to an Annuario Pontificio-style separation of canonical popes and antipopes.
pope-016,16,Callixtus I,Callixtus I,callixtus-i,Saint,canonical-pope,,,,,,Canonical person list derived from the supplied source list and aligned to an Annuario Pontificio-style separation of canonical popes and antipopes.
pope-017,17,Urban I,Urban I,urban-i,Saint,canonical-pope,,,,,,Canonical person list derived from the supplied source list and aligned to an Annuario Pontificio-style separation of canonical popes and antipopes.
pope-018,18,Pontian,Pontian,pontian,Saint,canonical-pope,,,,,,Canonical person list derived from the supplied source list and aligned to an Annuario Pontificio-style separation of canonical popes and antipopes.
pope-019,19,Anterus,Anterus,anterus,Saint,canonical-pope,,,,,,Canonical person list derived from the supplied source list and aligned to an Annuario Pontificio-style separation of canonical popes and antipopes.
pope-020,20,Fabian,Fabian,fabian,Saint,canonical-pope,,,,,,Canonical person list derived from the supplied source list and aligned to an Annuario Pontificio-style separation of canonical popes and antipopes.
pope-021,21,Cornelius,Cornelius,cornelius,Saint,canonical-pope,,,,,,Canonical person list derived from the supplied source list and aligned to an Annuario Pontificio-style separation of canonical popes and antipopes.
pope-022,22,Lucius I,Lucius I,lucius-i,Saint,canonical-pope,,,,,,Canonical person list derived from the supplied source list and aligned to an Annuario Pontificio-style separation of canonical popes and antipopes.
pope-023,23,Stephen I,Stephen I,stephen-i,Saint,canonical-pope,,,,,,Canonical person list derived from the supplied source list and aligned to an Annuario Pontificio-style separation of canonical popes and antipopes.
pope-024,24,Sixtus II,Sixtus II,sixtus-ii,Saint,canonical-pope,,,,,,Canonical person list derived from the supplied source list and aligned to an Annuario Pontificio-style separation of canonical popes and antipopes.
pope-025,25,Dionysius,Dionysius,dionysius,Saint,canonical-pope,,,,,,Canonical person list derived from the supplied source list and aligned to an Annuario Pontificio-style separation of canonical popes and antipopes.
pope-026,26,Felix I,Felix I,felix-i,Saint,canonical-pope,,,,,,Canonical person list derived from the supplied source list and aligned to an Annuario Pontificio-style separation of canonical popes and antipopes.
pope-027,27,Eutychian,Eutychian,eutychian,Saint,canonical-pope,,,,,,Canonical person list derived from the supplied source list and aligned to an Annuario Pontificio-style separation of canonical popes and antipopes.
pope-028,28,Caius,Caius,caius,Saint,canonical-pope,,,,,,Canonical person list derived from the supplied source list and aligned to an Annuario Pontificio-style separation of canonical popes and antipopes.
pope-029,29,Marcellinus,Marcellinus,marcellinus,Saint,canonical-pope,,,,,,Canonical person list derived from the supplied source list and aligned to an Annuario Pontificio-style separation of canonical popes and antipopes.
pope-030,30,Marcellus I,Marcellus I,marcellus-i,Saint,canonical-pope,,,,,,Canonical person list derived from the supplied source list and aligned to an Annuario Pontificio-style separation of canonical popes and antipopes.
pope-031,31,Eusebius,Eusebius,eusebius,Saint,canonical-pope,,,,,,Canonical person list derived from the supplied source list and aligned to an Annuario Pontificio-style separation of canonical popes and antipopes.
pope-032,32,Miltiades,Miltiades,miltiades,Saint,canonical-pope,,,,,,Canonical person list derived from the supplied source list and aligned to an Annuario Pontificio-style separation of canonical popes and antipopes.
pope-033,33,Sylvester I,Sylvester I,sylvester-i,Saint,canonical-pope,,,,,,Canonical person list derived from the supplied source list and aligned to an Annuario Pontificio-style separation of canonical popes and antipopes.
pope-034,34,Mark,Mark,mark,Saint,canonical-pope,,,,,,Canonical person list derived from the supplied source list and aligned to an Annuario Pontificio-style separation of canonical popes and antipopes.
pope-035,35,Julius I,Julius I,julius-i,Saint,canonical-pope,,,,,,Canonical person list derived from the supplied source list and aligned to an Annuario Pontificio-style separation of canonical popes and antipopes.
pope-036,36,Liberius,Liberius,liberius,,canonical-pope,,,,,,Canonical person list derived from the supplied source list and aligned to an Annuario Pontificio-style separation of canonical popes and antipopes.
pope-037,37,Damasus I,Damasus I,damasus-i,Saint,canonical-pope,,,,,,Canonical person list derived from the supplied source list and aligned to an Annuario Pontificio-style separation of canonical popes and antipopes.
pope-038,38,Siricius,Siricius,siricius,Saint,canonical-pope,,,,,,Canonical person list derived from the supplied source list and aligned to an Annuario Pontificio-style separation of canonical popes and antipopes.
pope-039,39,Anastasius I,Anastasius I,anastasius-i,Saint,canonical-pope,,,,,,Canonical person list derived from the supplied source list and aligned to an Annuario Pontificio-style separation of canonical popes and antipopes.
pope-040,40,Innocent I,Innocent I,innocent-i,Saint,canonical-pope,,,,,,Canonical person list derived from the supplied source list and aligned to an Annuario Pontificio-style separation of canonical popes and antipopes.
pope-041,41,Zosimus,Zosimus,zosimus,Saint,canonical-pope,,,,,,Canonical person list derived from the supplied source list and aligned to an Annuario Pontificio-style separation of canonical popes and antipopes.
pope-042,42,Boniface I,Boniface I,boniface-i,Saint,canonical-pope,,,,,,Canonical person list derived from the supplied source list and aligned to an Annuario Pontificio-style separation of canonical popes and antipopes.
pope-043,43,Celestine I,Celestine I,celestine-i,Saint,canonical-pope,,,,,,Canonical person list derived from the supplied source list and aligned to an Annuario Pontificio-style separation of canonical popes and antipopes.
pope-044,44,Sixtus III,Sixtus III,sixtus-iii,Saint,canonical-pope,,,,,,Canonical person list derived from the supplied source list and aligned to an Annuario Pontificio-style separation of canonical popes and antipopes.
pope-045,45,Leo I,Leo I,leo-i,Saint,canonical-pope,,,,,Source list label: St. Leo I (Leo the Great).,Canonical person list derived from the supplied source list and aligned to an Annuario Pontificio-style separation of canonical popes and antipopes.
pope-046,46,Hilarius,Hilarius,hilarius,Saint,canonical-pope,,,,,Source list label: St. Hilarius (Hilary).,Canonical person list derived from the supplied source list and aligned to an Annuario Pontificio-style separation of canonical popes and antipopes.
pope-047,47,Simplicius,Simplicius,simplicius,Saint,canonical-pope,,,,,,Canonical person list derived from the supplied source list and aligned to an Annuario Pontificio-style separation of canonical popes and antipopes.
pope-048,48,Felix III (Felix II),Felix III (Felix II),felix-iii-felix-ii,Saint,canonical-pope,,,,,Source list label: St. Felix III (Felix II).,Canonical person list derived from the supplied source list and aligned to an Annuario Pontificio-style separation of canonical popes and antipopes.
pope-049,49,Gelasius I,Gelasius I,gelasius-i,Saint,canonical-pope,,,,,,Canonical person list derived from the supplied source list and aligned to an Annuario Pontificio-style separation of canonical popes and antipopes.
pope-050,50,Anastasius II,Anastasius II,anastasius-ii,,canonical-pope,,,,,,Canonical person list derived from the supplied source list and aligned to an Annuario Pontificio-style separation of canonical popes and antipopes.
pope-051,51,Symmachus,Symmachus,symmachus,Saint,canonical-pope,,,,,,Canonical person list derived from the supplied source list and aligned to an Annuario Pontificio-style separation of canonical popes and antipopes.
pope-052,52,Hormisdas,Hormisdas,hormisdas,Saint,canonical-pope,,,,,,Canonical person list derived from the supplied source list and aligned to an Annuario Pontificio-style separation of canonical popes and antipopes.
pope-053,53,John I,John I,john-i,Saint,canonical-pope,,,,,,Canonical person list derived from the supplied source list and aligned to an Annuario Pontificio-style separation of canonical popes and antipopes.
pope-054,54,Felix IV (Felix III),Felix IV (Felix III),felix-iv-felix-iii,Saint,canonical-pope,,,,,Source list label: St. Felix IV (Felix III).,Canonical person list derived from the supplied source list and aligned to an Annuario Pontificio-style separation of canonical popes and antipopes.
pope-055,55,Boniface II,Boniface II,boniface-ii,,canonical-pope,,,,,,Canonical person list derived from the supplied source list and aligned to an Annuario Pontificio-style separation of canonical popes and antipopes.
pope-056,56,John II,John II,john-ii,,canonical-pope,,,,,,Canonical person list derived from the supplied source list and aligned to an Annuario Pontificio-style separation of canonical popes and antipopes.
pope-057,57,Agapetus I,Agapetus I,agapetus-i,Saint,canonical-pope,,,,,,Canonical person list derived from the supplied source list and aligned to an Annuario Pontificio-style separation of canonical popes and antipopes.
pope-058,58,Silverius,Silverius,silverius,Saint,canonical-pope,,,,,,Canonical person list derived from the supplied source list and aligned to an Annuario Pontificio-style separation of canonical popes and antipopes.
pope-059,59,Vigilius,Vigilius,vigilius,,canonical-pope,,,,,,Canonical person list derived from the supplied source list and aligned to an Annuario Pontificio-style separation of canonical popes and antipopes.
pope-060,60,Pelagius I,Pelagius I,pelagius-i,,canonical-pope,,,,,,Canonical person list derived from the supplied source list and aligned to an Annuario Pontificio-style separation of canonical popes and antipopes.
pope-061,61,John III,John III,john-iii,,canonical-pope,,,,,,Canonical person list derived from the supplied source list and aligned to an Annuario Pontificio-style separation of canonical popes and antipopes.
pope-062,62,Benedict I,Benedict I,benedict-i,,canonical-pope,,,,,,Canonical person list derived from the supplied source list and aligned to an Annuario Pontificio-style separation of canonical popes and antipopes.
pope-063,63,Pelagius II,Pelagius II,pelagius-ii,,canonical-pope,,,,,,Canonical person list derived from the supplied source list and aligned to an Annuario Pontificio-style separation of canonical popes and antipopes.
pope-064,64,Gregory I,Gregory I,gregory-i,Saint,canonical-pope,,,,,Source list label: St. Gregory I (Gregory the Great).,Canonical person list derived from the supplied source list and aligned to an Annuario Pontificio-style separation of canonical popes and antipopes.
pope-065,65,Sabinian,Sabinian,sabinian,,canonical-pope,,,,,,Canonical person list derived from the supplied source list and aligned to an Annuario Pontificio-style separation of canonical popes and antipopes.
pope-066,66,Boniface III,Boniface III,boniface-iii,,canonical-pope,,,,,,Canonical person list derived from the supplied source list and aligned to an Annuario Pontificio-style separation of canonical popes and antipopes.
pope-067,67,Boniface IV,Boniface IV,boniface-iv,,canonical-pope,,,,,,Canonical person list derived from the supplied source list and aligned to an Annuario Pontificio-style separation of canonical popes and antipopes.
pope-068,68,Adeodatus I,Adeodatus I,adeodatus-i,Saint,canonical-pope,,,,,Source list label: St. Adeodatus I (Deusdedit).,Canonical person list derived from the supplied source list and aligned to an Annuario Pontificio-style separation of canonical popes and antipopes.
pope-069,69,Boniface V,Boniface V,boniface-v,,canonical-pope,,,,,,Canonical person list derived from the supplied source list and aligned to an Annuario Pontificio-style separation of canonical popes and antipopes.
pope-070,70,Honorius I,Honorius I,honorius-i,,canonical-pope,,,,,,Canonical person list derived from the supplied source list and aligned to an Annuario Pontificio-style separation of canonical popes and antipopes.
pope-071,71,Severinus,Severinus,severinus,,canonical-pope,,,,,,Canonical person list derived from the supplied source list and aligned to an Annuario Pontificio-style separation of canonical popes and antipopes.
pope-072,72,John IV,John IV,john-iv,Saint,canonical-pope,,,,,,Canonical person list derived from the supplied source list and aligned to an Annuario Pontificio-style separation of canonical popes and antipopes.
pope-073,73,Theodore I,Theodore I,theodore-i,,canonical-pope,,,,,,Canonical person list derived from the supplied source list and aligned to an Annuario Pontificio-style separation of canonical popes and antipopes.
pope-074,74,Martin I,Martin I,martin-i,Saint,canonical-pope,,,,,,Canonical person list derived from the supplied source list and aligned to an Annuario Pontificio-style separation of canonical popes and antipopes.
pope-075,75,Eugene I,Eugene I,eugene-i,Saint,canonical-pope,,,,,,Canonical person list derived from the supplied source list and aligned to an Annuario Pontificio-style separation of canonical popes and antipopes.
pope-076,76,Vitalian,Vitalian,vitalian,Saint,canonical-pope,,,,,,Canonical person list derived from the supplied source list and aligned to an Annuario Pontificio-style separation of canonical popes and antipopes.
pope-077,77,Adeodatus II,Adeodatus II,adeodatus-ii,,canonical-pope,,,,,,Canonical person list derived from the supplied source list and aligned to an Annuario Pontificio-style separation of canonical popes and antipopes.
pope-078,78,Donus,Donus,donus,,canonical-pope,,,,,,Canonical person list derived from the supplied source list and aligned to an Annuario Pontificio-style separation of canonical popes and antipopes.
pope-079,79,Agatho,Agatho,agatho,Saint,canonical-pope,,,,,,Canonical person list derived from the supplied source list and aligned to an Annuario Pontificio-style separation of canonical popes and antipopes.
pope-080,80,Leo II,Leo II,leo-ii,Saint,canonical-pope,,,,,,Canonical person list derived from the supplied source list and aligned to an Annuario Pontificio-style separation of canonical popes and antipopes.
pope-081,81,Benedict II,Benedict II,benedict-ii,Saint,canonical-pope,,,,,,Canonical person list derived from the supplied source list and aligned to an Annuario Pontificio-style separation of canonical popes and antipopes.
pope-082,82,John V,John V,john-v,,canonical-pope,,,,,,Canonical person list derived from the supplied source list and aligned to an Annuario Pontificio-style separation of canonical popes and antipopes.
pope-083,83,Conon,Conon,conon,,canonical-pope,,,,,,Canonical person list derived from the supplied source list and aligned to an Annuario Pontificio-style separation of canonical popes and antipopes.
pope-084,84,Sergius I,Sergius I,sergius-i,Saint,canonical-pope,,,,,,Canonical person list derived from the supplied source list and aligned to an Annuario Pontificio-style separation of canonical popes and antipopes.
pope-085,85,John VI,John VI,john-vi,,canonical-pope,,,,,,Canonical person list derived from the supplied source list and aligned to an Annuario Pontificio-style separation of canonical popes and antipopes.
pope-086,86,John VII,John VII,john-vii,,canonical-pope,,,,,,Canonical person list derived from the supplied source list and aligned to an Annuario Pontificio-style separation of canonical popes and antipopes.
pope-087,87,Sisinnius,Sisinnius,sisinnius,,canonical-pope,,,,,,Canonical person list derived from the supplied source list and aligned to an Annuario Pontificio-style separation of canonical popes and antipopes.
pope-088,88,Constantine,Constantine,constantine,,canonical-pope,,,,,,Canonical person list derived from the supplied source list and aligned to an Annuario Pontificio-style separation of canonical popes and antipopes.
pope-089,89,Gregory II,Gregory II,gregory-ii,Saint,canonical-pope,,,,,,Canonical person list derived from the supplied source list and aligned to an Annuario Pontificio-style separation of canonical popes and antipopes.
pope-090,90,Gregory III,Gregory III,gregory-iii,Saint,canonical-pope,,,,,,Canonical person list derived from the supplied source list and aligned to an Annuario Pontificio-style separation of canonical popes and antipopes.
pope-091,91,Zachary,Zachary,zachary,Saint,canonical-pope,,,,,,Canonical person list derived from the supplied source list and aligned to an Annuario Pontificio-style separation of canonical popes and antipopes.
pope-092,92,Stephen II (III),Stephen II (III),stephen-ii-iii,,canonical-pope,,,,,Source list label: Stephen II (III). Stephen numbering varies by historical convention after the removal of Pope-elect Stephen from the official list.,Canonical person list derived from the supplied source list and aligned to an Annuario Pontificio-style separation of canonical popes and antipopes.
pope-093,93,Paul I,Paul I,paul-i,Saint,canonical-pope,,,,,,Canonical person list derived from the supplied source list and aligned to an Annuario Pontificio-style separation of canonical popes and antipopes.
pope-094,94,Stephen III (IV),Stephen III (IV),stephen-iii-iv,,canonical-pope,,,,,Source list label: Stephen III (IV). Stephen numbering varies by historical convention after the removal of Pope-elect Stephen from the official list.,Canonical person list derived from the supplied source list and aligned to an Annuario Pontificio-style separation of canonical popes and antipopes.
pope-095,95,Adrian I,Adrian I,adrian-i,,canonical-pope,,,,,,Canonical person list derived from the supplied source list and aligned to an Annuario Pontificio-style separation of canonical popes and antipopes.
pope-096,96,Leo III,Leo III,leo-iii,Saint,canonical-pope,,,,,,Canonical person list derived from the supplied source list and aligned to an Annuario Pontificio-style separation of canonical popes and antipopes.
pope-097,97,Stephen IV (V),Stephen IV (V),stephen-iv-v,,canonical-pope,,,,,Source list label: Stephen IV (V). Stephen numbering varies by historical convention after the removal of Pope-elect Stephen from the official list.,Canonical person list derived from the supplied source list and aligned to an Annuario Pontificio-style separation of canonical popes and antipopes.
pope-098,98,Paschal I,Paschal I,paschal-i,Saint,canonical-pope,,,,,,Canonical person list derived from the supplied source list and aligned to an Annuario Pontificio-style separation of canonical popes and antipopes.
pope-099,99,Eugene II,Eugene II,eugene-ii,,canonical-pope,,,,,,Canonical person list derived from the supplied source list and aligned to an Annuario Pontificio-style separation of canonical popes and antipopes.
pope-100,100,Valentine,Valentine,valentine,,canonical-pope,,,,,,Canonical person list derived from the supplied source list and aligned to an Annuario Pontificio-style separation of canonical popes and antipopes.
pope-101,101,Gregory IV,Gregory IV,gregory-iv,,canonical-pope,,,,,,Canonical person list derived from the supplied source list and aligned to an Annuario Pontificio-style separation of canonical popes and antipopes.
pope-102,102,Sergius II,Sergius II,sergius-ii,,canonical-pope,,,,,,Canonical person list derived from the supplied source list and aligned to an Annuario Pontificio-style separation of canonical popes and antipopes.
pope-103,103,Leo IV,Leo IV,leo-iv,Saint,canonical-pope,,,,,,Canonical person list derived from the supplied source list and aligned to an Annuario Pontificio-style separation of canonical popes and antipopes.
pope-104,104,Benedict III,Benedict III,benedict-iii,,canonical-pope,,,,,,Canonical person list derived from the supplied source list and aligned to an Annuario Pontificio-style separation of canonical popes and antipopes.
pope-105,105,Nicholas I,Nicholas I,nicholas-i,Saint,canonical-pope,,,,,Source list label: St. Nicholas I (Nicholas the Great).,Canonical person list derived from the supplied source list and aligned to an Annuario Pontificio-style separation of canonical popes and antipopes.
pope-106,106,Adrian II,Adrian II,adrian-ii,,canonical-pope,,,,,,Canonical person list derived from the supplied source list and aligned to an Annuario Pontificio-style separation of canonical popes and antipopes.
pope-107,107,John VIII,John VIII,john-viii,,canonical-pope,,,,,,Canonical person list derived from the supplied source list and aligned to an Annuario Pontificio-style separation of canonical popes and antipopes.
pope-108,108,Marinus I,Marinus I,marinus-i,,canonical-pope,,,,,,Canonical person list derived from the supplied source list and aligned to an Annuario Pontificio-style separation of canonical popes and antipopes.
pope-109,109,Adrian III,Adrian III,adrian-iii,Saint,canonical-pope,,,,,,Canonical person list derived from the supplied source list and aligned to an Annuario Pontificio-style separation of canonical popes and antipopes.
pope-110,110,Stephen V (VI),Stephen V (VI),stephen-v-vi,,canonical-pope,,,,,Source list label: Stephen V (VI). Stephen numbering varies by historical convention after the removal of Pope-elect Stephen from the official list.,Canonical person list derived from the supplied source list and aligned to an Annuario Pontificio-style separation of canonical popes and antipopes.
pope-111,111,Formosus,Formosus,formosus,,canonical-pope,,,,,,Canonical person list derived from the supplied source list and aligned to an Annuario Pontificio-style separation of canonical popes and antipopes.
pope-112,112,Boniface VI,Boniface VI,boniface-vi,,canonical-pope,,,,,,Canonical person list derived from the supplied source list and aligned to an Annuario Pontificio-style separation of canonical popes and antipopes.
pope-113,113,Stephen VI (VII),Stephen VI (VII),stephen-vi-vii,,canonical-pope,,,,,Source list label: Stephen VI (VII). Stephen numbering varies by historical convention after the removal of Pope-elect Stephen from the official list.,Canonical person list derived from the supplied source list and aligned to an Annuario Pontificio-style separation of canonical popes and antipopes.
pope-114,114,Romanus,Romanus,romanus,,canonical-pope,,,,,,Canonical person list derived from the supplied source list and aligned to an Annuario Pontificio-style separation of canonical popes and antipopes.
pope-115,115,Theodore II,Theodore II,theodore-ii,,canonical-pope,,,,,,Canonical person list derived from the supplied source list and aligned to an Annuario Pontificio-style separation of canonical popes and antipopes.
pope-116,116,John IX,John IX,john-ix,,canonical-pope,,,,,,Canonical person list derived from the supplied source list and aligned to an Annuario Pontificio-style separation of canonical popes and antipopes.
pope-117,117,Benedict IV,Benedict IV,benedict-iv,,canonical-pope,,,,,,Canonical person list derived from the supplied source list and aligned to an Annuario Pontificio-style separation of canonical popes and antipopes.
pope-118,118,Leo V,Leo V,leo-v,,canonical-pope,,,,,,Canonical person list derived from the supplied source list and aligned to an Annuario Pontificio-style separation of canonical popes and antipopes.
pope-119,119,Sergius III,Sergius III,sergius-iii,,canonical-pope,,,,,,Canonical person list derived from the supplied source list and aligned to an Annuario Pontificio-style separation of canonical popes and antipopes.
pope-120,120,Anastasius III,Anastasius III,anastasius-iii,,canonical-pope,,,,,,Canonical person list derived from the supplied source list and aligned to an Annuario Pontificio-style separation of canonical popes and antipopes.
pope-121,121,Lando,Lando,lando,,canonical-pope,,,,,,Canonical person list derived from the supplied source list and aligned to an Annuario Pontificio-style separation of canonical popes and antipopes.
pope-122,122,John X,John X,john-x,,canonical-pope,,,,,,Canonical person list derived from the supplied source list and aligned to an Annuario Pontificio-style separation of canonical popes and antipopes.
pope-123,123,Leo VI,Leo VI,leo-vi,,canonical-pope,,,,,,Canonical person list derived from the supplied source list and aligned to an Annuario Pontificio-style separation of canonical popes and antipopes.
pope-124,124,Stephen VII (VIII),Stephen VII (VIII),stephen-vii-viii,,canonical-pope,,,,,Source list label: Stephen VII (VIII). Stephen numbering varies by historical convention after the removal of Pope-elect Stephen from the official list.,Canonical person list derived from the supplied source list and aligned to an Annuario Pontificio-style separation of canonical popes and antipopes.
pope-125,125,Marinus II,Marinus II,marinus-ii,,canonical-pope,,,,,,Canonical person list derived from the supplied source list and aligned to an Annuario Pontificio-style separation of canonical popes and antipopes.
pope-126,126,Agapetus II,Agapetus II,agapetus-ii,,canonical-pope,,,,,,Canonical person list derived from the supplied source list and aligned to an Annuario Pontificio-style separation of canonical popes and antipopes.
pope-127,127,John XI,John XI,john-xi,,canonical-pope,,,,,,Canonical person list derived from the supplied source list and aligned to an Annuario Pontificio-style separation of canonical popes and antipopes.
pope-128,128,Leo VII,Leo VII,leo-vii,,canonical-pope,,,,,,Canonical person list derived from the supplied source list and aligned to an Annuario Pontificio-style separation of canonical popes and antipopes.
pope-129,129,Stephen VIII (IX),Stephen VIII (IX),stephen-viii-ix,,canonical-pope,,,,,Source list label: Stephen VIII (IX). Stephen numbering varies by historical convention after the removal of Pope-elect Stephen from the official list.,Canonical person list derived from the supplied source list and aligned to an Annuario Pontificio-style separation of canonical popes and antipopes.
pope-130,130,John XII,John XII,john-xii,,canonical-pope,,,,,,Canonical person list derived from the supplied source list and aligned to an Annuario Pontificio-style separation of canonical popes and antipopes.
pope-131,131,Leo VIII,Leo VIII,leo-viii,,canonical-pope,,,,,,Canonical person list derived from the supplied source list and aligned to an Annuario Pontificio-style separation of canonical popes and antipopes.
pope-132,132,Benedict V,Benedict V,benedict-v,,canonical-pope,,,,,,Canonical person list derived from the supplied source list and aligned to an Annuario Pontificio-style separation of canonical popes and antipopes.
pope-133,133,John XIII,John XIII,john-xiii,,canonical-pope,,,,,,Canonical person list derived from the supplied source list and aligned to an Annuario Pontificio-style separation of canonical popes and antipopes.
pope-134,134,Benedict VI,Benedict VI,benedict-vi,,canonical-pope,,,,,,Canonical person list derived from the supplied source list and aligned to an Annuario Pontificio-style separation of canonical popes and antipopes.
pope-135,135,Benedict VII,Benedict VII,benedict-vii,,canonical-pope,,,,,,Canonical person list derived from the supplied source list and aligned to an Annuario Pontificio-style separation of canonical popes and antipopes.
pope-136,136,John XIV,John XIV,john-xiv,,canonical-pope,,,,,,Canonical person list derived from the supplied source list and aligned to an Annuario Pontificio-style separation of canonical popes and antipopes.
pope-137,137,John XV,John XV,john-xv,,canonical-pope,,,,,,Canonical person list derived from the supplied source list and aligned to an Annuario Pontificio-style separation of canonical popes and antipopes.
pope-138,138,Gregory V,Gregory V,gregory-v,,canonical-pope,,,,,,Canonical person list derived from the supplied source list and aligned to an Annuario Pontificio-style separation of canonical popes and antipopes.
pope-139,139,Sylvester II,Sylvester II,sylvester-ii,,canonical-pope,,,,,,Canonical person list derived from the supplied source list and aligned to an Annuario Pontificio-style separation of canonical popes and antipopes.
pope-140,140,John XVII,John XVII,john-xvii,,canonical-pope,,,,,,Canonical person list derived from the supplied source list and aligned to an Annuario Pontificio-style separation of canonical popes and antipopes.
pope-141,141,John XVIII,John XVIII,john-xviii,,canonical-pope,,,,,,Canonical person list derived from the supplied source list and aligned to an Annuario Pontificio-style separation of canonical popes and antipopes.
pope-142,142,Sergius IV,Sergius IV,sergius-iv,,canonical-pope,,,,,,Canonical person list derived from the supplied source list and aligned to an Annuario Pontificio-style separation of canonical popes and antipopes.
pope-143,143,Benedict VIII,Benedict VIII,benedict-viii,,canonical-pope,,,,,,Canonical person list derived from the supplied source list and aligned to an Annuario Pontificio-style separation of canonical popes and antipopes.
pope-144,144,John XIX,John XIX,john-xix,,canonical-pope,,,,,,Canonical person list derived from the supplied source list and aligned to an Annuario Pontificio-style separation of canonical popes and antipopes.
pope-145,145,Benedict IX,Benedict IX,benedict-ix,,canonical-pope,,,,,Same person modeled with three separate canonical pontificate records.,Canonical person list derived from the supplied source list and aligned to an Annuario Pontificio-style separation of canonical popes and antipopes.
pope-146,146,Sylvester III,Sylvester III,sylvester-iii,,canonical-pope,,,,,,Canonical person list derived from the supplied source list and aligned to an Annuario Pontificio-style separation of canonical popes and antipopes.
pope-147,147,Gregory VI,Gregory VI,gregory-vi,,canonical-pope,,,,,,Canonical person list derived from the supplied source list and aligned to an Annuario Pontificio-style separation of canonical popes and antipopes.
pope-148,148,Clement II,Clement II,clement-ii,,canonical-pope,,,,,,Canonical person list derived from the supplied source list and aligned to an Annuario Pontificio-style separation of canonical popes and antipopes.
pope-149,149,Damasus II,Damasus II,damasus-ii,,canonical-pope,,,,,,Canonical person list derived from the supplied source list and aligned to an Annuario Pontificio-style separation of canonical popes and antipopes.
pope-150,150,Leo IX,Leo IX,leo-ix,Saint,canonical-pope,,,,,,Canonical person list derived from the supplied source list and aligned to an Annuario Pontificio-style separation of canonical popes and antipopes.
pope-151,151,Victor II,Victor II,victor-ii,,canonical-pope,,,,,,Canonical person list derived from the supplied source list and aligned to an Annuario Pontificio-style separation of canonical popes and antipopes.
pope-152,152,Stephen IX (X),Stephen IX (X),stephen-ix-x,,canonical-pope,,,,,Source list label: Stephen IX (X). Stephen numbering varies by historical convention after the removal of Pope-elect Stephen from the official list.,Canonical person list derived from the supplied source list and aligned to an Annuario Pontificio-style separation of canonical popes and antipopes.
pope-153,153,Nicholas II,Nicholas II,nicholas-ii,,canonical-pope,,,,,,Canonical person list derived from the supplied source list and aligned to an Annuario Pontificio-style separation of canonical popes and antipopes.
pope-154,154,Alexander II,Alexander II,alexander-ii,,canonical-pope,,,,,,Canonical person list derived from the supplied source list and aligned to an Annuario Pontificio-style separation of canonical popes and antipopes.
pope-155,155,Gregory VII,Gregory VII,gregory-vii,Saint,canonical-pope,,,,,,Canonical person list derived from the supplied source list and aligned to an Annuario Pontificio-style separation of canonical popes and antipopes.
pope-156,156,Victor III,Victor III,victor-iii,,canonical-pope,,,,,,Canonical person list derived from the supplied source list and aligned to an Annuario Pontificio-style separation of canonical popes and antipopes.
pope-157,157,Urban II,Urban II,urban-ii,,canonical-pope,,,,,,Canonical person list derived from the supplied source list and aligned to an Annuario Pontificio-style separation of canonical popes and antipopes.
pope-158,158,Paschal II,Paschal II,paschal-ii,,canonical-pope,,,,,,Canonical person list derived from the supplied source list and aligned to an Annuario Pontificio-style separation of canonical popes and antipopes.
pope-159,159,Gelasius II,Gelasius II,gelasius-ii,,canonical-pope,,,,,,Canonical person list derived from the supplied source list and aligned to an Annuario Pontificio-style separation of canonical popes and antipopes.
pope-160,160,Callixtus II,Callixtus II,callixtus-ii,,canonical-pope,,,,,,Canonical person list derived from the supplied source list and aligned to an Annuario Pontificio-style separation of canonical popes and antipopes.
pope-161,161,Honorius II,Honorius II,honorius-ii,,canonical-pope,,,,,,Canonical person list derived from the supplied source list and aligned to an Annuario Pontificio-style separation of canonical popes and antipopes.
pope-162,162,Innocent II,Innocent II,innocent-ii,,canonical-pope,,,,,,Canonical person list derived from the supplied source list and aligned to an Annuario Pontificio-style separation of canonical popes and antipopes.
pope-163,163,Celestine II,Celestine II,celestine-ii,,canonical-pope,,,,,,Canonical person list derived from the supplied source list and aligned to an Annuario Pontificio-style separation of canonical popes and antipopes.
pope-164,164,Lucius II,Lucius II,lucius-ii,,canonical-pope,,,,,,Canonical person list derived from the supplied source list and aligned to an Annuario Pontificio-style separation of canonical popes and antipopes.
pope-165,165,Eugene III,Eugene III,eugene-iii,,canonical-pope,,,,,,Canonical person list derived from the supplied source list and aligned to an Annuario Pontificio-style separation of canonical popes and antipopes.
pope-166,166,Anastasius IV,Anastasius IV,anastasius-iv,,canonical-pope,,,,,,Canonical person list derived from the supplied source list and aligned to an Annuario Pontificio-style separation of canonical popes and antipopes.
pope-167,167,Adrian IV,Adrian IV,adrian-iv,,canonical-pope,,,,,,Canonical person list derived from the supplied source list and aligned to an Annuario Pontificio-style separation of canonical popes and antipopes.
pope-168,168,Alexander III,Alexander III,alexander-iii,,canonical-pope,,,,,,Canonical person list derived from the supplied source list and aligned to an Annuario Pontificio-style separation of canonical popes and antipopes.
pope-169,169,Lucius III,Lucius III,lucius-iii,,canonical-pope,,,,,,Canonical person list derived from the supplied source list and aligned to an Annuario Pontificio-style separation of canonical popes and antipopes.
pope-170,170,Urban III,Urban III,urban-iii,,canonical-pope,,,,,,Canonical person list derived from the supplied source list and aligned to an Annuario Pontificio-style separation of canonical popes and antipopes.
pope-171,171,Gregory VIII,Gregory VIII,gregory-viii,,canonical-pope,,,,,,Canonical person list derived from the supplied source list and aligned to an Annuario Pontificio-style separation of canonical popes and antipopes.
pope-172,172,Clement III,Clement III,clement-iii,,canonical-pope,,,,,,Canonical person list derived from the supplied source list and aligned to an Annuario Pontificio-style separation of canonical popes and antipopes.
pope-173,173,Celestine III,Celestine III,celestine-iii,,canonical-pope,,,,,,Canonical person list derived from the supplied source list and aligned to an Annuario Pontificio-style separation of canonical popes and antipopes.
pope-174,174,Innocent III,Innocent III,innocent-iii,,canonical-pope,,,,,,Canonical person list derived from the supplied source list and aligned to an Annuario Pontificio-style separation of canonical popes and antipopes.
pope-175,175,Honorius III,Honorius III,honorius-iii,,canonical-pope,,,,,,Canonical person list derived from the supplied source list and aligned to an Annuario Pontificio-style separation of canonical popes and antipopes.
pope-176,176,Gregory IX,Gregory IX,gregory-ix,,canonical-pope,,,,,,Canonical person list derived from the supplied source list and aligned to an Annuario Pontificio-style separation of canonical popes and antipopes.
pope-177,177,Celestine IV,Celestine IV,celestine-iv,,canonical-pope,,,,,,Canonical person list derived from the supplied source list and aligned to an Annuario Pontificio-style separation of canonical popes and antipopes.
pope-178,178,Innocent IV,Innocent IV,innocent-iv,,canonical-pope,,,,,,Canonical person list derived from the supplied source list and aligned to an Annuario Pontificio-style separation of canonical popes and antipopes.
pope-179,179,Alexander IV,Alexander IV,alexander-iv,,canonical-pope,,,,,,Canonical person list derived from the supplied source list and aligned to an Annuario Pontificio-style separation of canonical popes and antipopes.
pope-180,180,Urban IV,Urban IV,urban-iv,,canonical-pope,,,,,,Canonical person list derived from the supplied source list and aligned to an Annuario Pontificio-style separation of canonical popes and antipopes.
pope-181,181,Clement IV,Clement IV,clement-iv,,canonical-pope,,,,,,Canonical person list derived from the supplied source list and aligned to an Annuario Pontificio-style separation of canonical popes and antipopes.
pope-182,182,Gregory X,Gregory X,gregory-x,,canonical-pope,,,,,,Canonical person list derived from the supplied source list and aligned to an Annuario Pontificio-style separation of canonical popes and antipopes.
pope-183,183,Innocent V,Innocent V,innocent-v,,canonical-pope,,,,,,Canonical person list derived from the supplied source list and aligned to an Annuario Pontificio-style separation of canonical popes and antipopes.
pope-184,184,Adrian V,Adrian V,adrian-v,,canonical-pope,,,,,,Canonical person list derived from the supplied source list and aligned to an Annuario Pontificio-style separation of canonical popes and antipopes.
pope-185,185,John XXI,John XXI,john-xxi,,canonical-pope,,,,,,Canonical person list derived from the supplied source list and aligned to an Annuario Pontificio-style separation of canonical popes and antipopes.
pope-186,186,Nicholas III,Nicholas III,nicholas-iii,,canonical-pope,,,,,,Canonical person list derived from the supplied source list and aligned to an Annuario Pontificio-style separation of canonical popes and antipopes.
pope-187,187,Martin IV,Martin IV,martin-iv,,canonical-pope,,,,,,Canonical person list derived from the supplied source list and aligned to an Annuario Pontificio-style separation of canonical popes and antipopes.
pope-188,188,Honorius IV,Honorius IV,honorius-iv,,canonical-pope,,,,,,Canonical person list derived from the supplied source list and aligned to an Annuario Pontificio-style separation of canonical popes and antipopes.
pope-189,189,Nicholas IV,Nicholas IV,nicholas-iv,,canonical-pope,,,,,,Canonical person list derived from the supplied source list and aligned to an Annuario Pontificio-style separation of canonical popes and antipopes.
pope-190,190,Celestine V,Celestine V,celestine-v,Saint,canonical-pope,,,,,,Canonical person list derived from the supplied source list and aligned to an Annuario Pontificio-style separation of canonical popes and antipopes.
pope-191,191,Boniface VIII,Boniface VIII,boniface-viii,,canonical-pope,,,,,,Canonical person list derived from the supplied source list and aligned to an Annuario Pontificio-style separation of canonical popes and antipopes.
pope-192,192,Benedict XI,Benedict XI,benedict-xi,,canonical-pope,,,,,,Canonical person list derived from the supplied source list and aligned to an Annuario Pontificio-style separation of canonical popes and antipopes.
pope-193,193,Clement V,Clement V,clement-v,,canonical-pope,,,,,,Canonical person list derived from the supplied source list and aligned to an Annuario Pontificio-style separation of canonical popes and antipopes.
pope-194,194,John XXII,John XXII,john-xxii,,canonical-pope,,,,,,Canonical person list derived from the supplied source list and aligned to an Annuario Pontificio-style separation of canonical popes and antipopes.
pope-195,195,Benedict XII,Benedict XII,benedict-xii,,canonical-pope,,,,,,Canonical person list derived from the supplied source list and aligned to an Annuario Pontificio-style separation of canonical popes and antipopes.
pope-196,196,Clement VI,Clement VI,clement-vi,,canonical-pope,,,,,,Canonical person list derived from the supplied source list and aligned to an Annuario Pontificio-style separation of canonical popes and antipopes.
pope-197,197,Innocent VI,Innocent VI,innocent-vi,,canonical-pope,,,,,,Canonical person list derived from the supplied source list and aligned to an Annuario Pontificio-style separation of canonical popes and antipopes.
pope-198,198,Urban V,Urban V,urban-v,,canonical-pope,,,,,,Canonical person list derived from the supplied source list and aligned to an Annuario Pontificio-style separation of canonical popes and antipopes.
pope-199,199,Gregory XI,Gregory XI,gregory-xi,,canonical-pope,,,,,,Canonical person list derived from the supplied source list and aligned to an Annuario Pontificio-style separation of canonical popes and antipopes.
pope-200,200,Urban VI,Urban VI,urban-vi,,canonical-pope,,,,,,Canonical person list derived from the supplied source list and aligned to an Annuario Pontificio-style separation of canonical popes and antipopes.
pope-201,201,Boniface IX,Boniface IX,boniface-ix,,canonical-pope,,,,,,Canonical person list derived from the supplied source list and aligned to an Annuario Pontificio-style separation of canonical popes and antipopes.
pope-202,202,Innocent VII,Innocent VII,innocent-vii,,canonical-pope,,,,,,Canonical person list derived from the supplied source list and aligned to an Annuario Pontificio-style separation of canonical popes and antipopes.
pope-203,203,Gregory XII,Gregory XII,gregory-xii,,canonical-pope,,,,,,Canonical person list derived from the supplied source list and aligned to an Annuario Pontificio-style separation of canonical popes and antipopes.
pope-204,204,Martin V,Martin V,martin-v,,canonical-pope,,,,,,Canonical person list derived from the supplied source list and aligned to an Annuario Pontificio-style separation of canonical popes and antipopes.
pope-205,205,Eugene IV,Eugene IV,eugene-iv,,canonical-pope,,,,,,Canonical person list derived from the supplied source list and aligned to an Annuario Pontificio-style separation of canonical popes and antipopes.
pope-206,206,Nicholas V,Nicholas V,nicholas-v,,canonical-pope,,,,,,Canonical person list derived from the supplied source list and aligned to an Annuario Pontificio-style separation of canonical popes and antipopes.
pope-207,207,Callixtus III,Callixtus III,callixtus-iii,,canonical-pope,,,,,,Canonical person list derived from the supplied source list and aligned to an Annuario Pontificio-style separation of canonical popes and antipopes.
pope-208,208,Pius II,Pius II,pius-ii,,canonical-pope,,,,,Source list label: Pius II (Aeneas Silvius Piccolomini).,Canonical person list derived from the supplied source list and aligned to an Annuario Pontificio-style separation of canonical popes and antipopes.
pope-209,209,Paul II,Paul II,paul-ii,,canonical-pope,,,,,,Canonical person list derived from the supplied source list and aligned to an Annuario Pontificio-style separation of canonical popes and antipopes.
pope-210,210,Sixtus IV,Sixtus IV,sixtus-iv,,canonical-pope,,,,,,Canonical person list derived from the supplied source list and aligned to an Annuario Pontificio-style separation of canonical popes and antipopes.
pope-211,211,Innocent VIII,Innocent VIII,innocent-viii,,canonical-pope,,,,,,Canonical person list derived from the supplied source list and aligned to an Annuario Pontificio-style separation of canonical popes and antipopes.
pope-212,212,Alexander VI,Alexander VI,alexander-vi,,canonical-pope,,,,,Source list label: Alexander VI (Rodrigo Borgia).,Canonical person list derived from the supplied source list and aligned to an Annuario Pontificio-style separation of canonical popes and antipopes.
pope-213,213,Pius III,Pius III,pius-iii,,canonical-pope,,,,,,Canonical person list derived from the supplied source list and aligned to an Annuario Pontificio-style separation of canonical popes and antipopes.
pope-214,214,Julius II,Julius II,julius-ii,,canonical-pope,,,,,,Canonical person list derived from the supplied source list and aligned to an Annuario Pontificio-style separation of canonical popes and antipopes.
pope-215,215,Leo X,Leo X,leo-x,,canonical-pope,,,,,,Canonical person list derived from the supplied source list and aligned to an Annuario Pontificio-style separation of canonical popes and antipopes.
pope-216,216,Adrian VI,Adrian VI,adrian-vi,,canonical-pope,,,,,,Canonical person list derived from the supplied source list and aligned to an Annuario Pontificio-style separation of canonical popes and antipopes.
pope-217,217,Clement VII,Clement VII,clement-vii,,canonical-pope,,,,,,Canonical person list derived from the supplied source list and aligned to an Annuario Pontificio-style separation of canonical popes and antipopes.
pope-218,218,Paul III,Paul III,paul-iii,,canonical-pope,,,,,,Canonical person list derived from the supplied source list and aligned to an Annuario Pontificio-style separation of canonical popes and antipopes.
pope-219,219,Julius III,Julius III,julius-iii,,canonical-pope,,,,,,Canonical person list derived from the supplied source list and aligned to an Annuario Pontificio-style separation of canonical popes and antipopes.
pope-220,220,Marcellus II,Marcellus II,marcellus-ii,,canonical-pope,,,,,,Canonical person list derived from the supplied source list and aligned to an Annuario Pontificio-style separation of canonical popes and antipopes.
pope-221,221,Paul IV,Paul IV,paul-iv,,canonical-pope,,,,,,Canonical person list derived from the supplied source list and aligned to an Annuario Pontificio-style separation of canonical popes and antipopes.
pope-222,222,Pius IV,Pius IV,pius-iv,,canonical-pope,,,,,,Canonical person list derived from the supplied source list and aligned to an Annuario Pontificio-style separation of canonical popes and antipopes.
pope-223,223,Pius V,Pius V,pius-v,,canonical-pope,,,,,,Canonical person list derived from the supplied source list and aligned to an Annuario Pontificio-style separation of canonical popes and antipopes.
pope-224,224,Gregory XIII,Gregory XIII,gregory-xiii,,canonical-pope,,,,,,Canonical person list derived from the supplied source list and aligned to an Annuario Pontificio-style separation of canonical popes and antipopes.
pope-225,225,Sixtus V,Sixtus V,sixtus-v,,canonical-pope,,,,,,Canonical person list derived from the supplied source list and aligned to an Annuario Pontificio-style separation of canonical popes and antipopes.
pope-226,226,Urban VII,Urban VII,urban-vii,,canonical-pope,,,,,,Canonical person list derived from the supplied source list and aligned to an Annuario Pontificio-style separation of canonical popes and antipopes.
pope-227,227,Gregory XIV,Gregory XIV,gregory-xiv,,canonical-pope,,,,,,Canonical person list derived from the supplied source list and aligned to an Annuario Pontificio-style separation of canonical popes and antipopes.
pope-228,228,Innocent IX,Innocent IX,innocent-ix,,canonical-pope,,,,,,Canonical person list derived from the supplied source list and aligned to an Annuario Pontificio-style separation of canonical popes and antipopes.
pope-229,229,Clement VIII,Clement VIII,clement-viii,,canonical-pope,,,,,,Canonical person list derived from the supplied source list and aligned to an Annuario Pontificio-style separation of canonical popes and antipopes.
pope-230,230,Leo XI,Leo XI,leo-xi,,canonical-pope,,,,,,Canonical person list derived from the supplied source list and aligned to an Annuario Pontificio-style separation of canonical popes and antipopes.
pope-231,231,Paul V,Paul V,paul-v,,canonical-pope,,,,,,Canonical person list derived from the supplied source list and aligned to an Annuario Pontificio-style separation of canonical popes and antipopes.
pope-232,232,Gregory XV,Gregory XV,gregory-xv,,canonical-pope,,,,,,Canonical person list derived from the supplied source list and aligned to an Annuario Pontificio-style separation of canonical popes and antipopes.
pope-233,233,Urban VIII,Urban VIII,urban-viii,,canonical-pope,,,,,,Canonical person list derived from the supplied source list and aligned to an Annuario Pontificio-style separation of canonical popes and antipopes.
pope-234,234,Innocent X,Innocent X,innocent-x,,canonical-pope,,,,,,Canonical person list derived from the supplied source list and aligned to an Annuario Pontificio-style separation of canonical popes and antipopes.
pope-235,235,Alexander VII,Alexander VII,alexander-vii,,canonical-pope,,,,,,Canonical person list derived from the supplied source list and aligned to an Annuario Pontificio-style separation of canonical popes and antipopes.
pope-236,236,Clement IX,Clement IX,clement-ix,,canonical-pope,,,,,,Canonical person list derived from the supplied source list and aligned to an Annuario Pontificio-style separation of canonical popes and antipopes.
pope-237,237,Clement X,Clement X,clement-x,,canonical-pope,,,,,,Canonical person list derived from the supplied source list and aligned to an Annuario Pontificio-style separation of canonical popes and antipopes.
pope-238,238,Innocent XI,Innocent XI,innocent-xi,,canonical-pope,,,,,,Canonical person list derived from the supplied source list and aligned to an Annuario Pontificio-style separation of canonical popes and antipopes.
pope-239,239,Alexander VIII,Alexander VIII,alexander-viii,,canonical-pope,,,,,,Canonical person list derived from the supplied source list and aligned to an Annuario Pontificio-style separation of canonical popes and antipopes.
pope-240,240,Innocent XII,Innocent XII,innocent-xii,,canonical-pope,,,,,,Canonical person list derived from the supplied source list and aligned to an Annuario Pontificio-style separation of canonical popes and antipopes.
pope-241,241,Clement XI,Clement XI,clement-xi,,canonical-pope,,,,,,Canonical person list derived from the supplied source list and aligned to an Annuario Pontificio-style separation of canonical popes and antipopes.
pope-242,242,Innocent XIII,Innocent XIII,innocent-xiii,,canonical-pope,,,,,,Canonical person list derived from the supplied source list and aligned to an Annuario Pontificio-style separation of canonical popes and antipopes.
pope-243,243,Benedict XIII,Benedict XIII,benedict-xiii,,canonical-pope,,,,,,Canonical person list derived from the supplied source list and aligned to an Annuario Pontificio-style separation of canonical popes and antipopes.
pope-244,244,Clement XII,Clement XII,clement-xii,,canonical-pope,,,,,,Canonical person list derived from the supplied source list and aligned to an Annuario Pontificio-style separation of canonical popes and antipopes.
pope-245,245,Benedict XIV,Benedict XIV,benedict-xiv,,canonical-pope,,,,,,Canonical person list derived from the supplied source list and aligned to an Annuario Pontificio-style separation of canonical popes and antipopes.
pope-246,246,Clement XIII,Clement XIII,clement-xiii,,canonical-pope,,,,,,Canonical person list derived from the supplied source list and aligned to an Annuario Pontificio-style separation of canonical popes and antipopes.
pope-247,247,Clement XIV,Clement XIV,clement-xiv,,canonical-pope,,,,,,Canonical person list derived from the supplied source list and aligned to an Annuario Pontificio-style separation of canonical popes and antipopes.
pope-248,248,Pius VI,Pius VI,pius-vi,,canonical-pope,,,,,,Canonical person list derived from the supplied source list and aligned to an Annuario Pontificio-style separation of canonical popes and antipopes.
pope-249,249,Pius VII,Pius VII,pius-vii,,canonical-pope,,,,,,Canonical person list derived from the supplied source list and aligned to an Annuario Pontificio-style separation of canonical popes and antipopes.
pope-250,250,Leo XII,Leo XII,leo-xii,,canonical-pope,,,,,,Canonical person list derived from the supplied source list and aligned to an Annuario Pontificio-style separation of canonical popes and antipopes.
pope-251,251,Pius VIII,Pius VIII,pius-viii,,canonical-pope,,,,,,Canonical person list derived from the supplied source list and aligned to an Annuario Pontificio-style separation of canonical popes and antipopes.
pope-252,252,Gregory XVI,Gregory XVI,gregory-xvi,,canonical-pope,,,,,,Canonical person list derived from the supplied source list and aligned to an Annuario Pontificio-style separation of canonical popes and antipopes.
pope-253,253,Pius IX,Pius IX,pius-ix,,canonical-pope,,,,,,Canonical person list derived from the supplied source list and aligned to an Annuario Pontificio-style separation of canonical popes and antipopes.
pope-254,254,Leo XIII,Leo XIII,leo-xiii,,canonical-pope,,,,,,Canonical person list derived from the supplied source list and aligned to an Annuario Pontificio-style separation of canonical popes and antipopes.
pope-255,255,Pius X,Pius X,pius-x,Saint,canonical-pope,,,,,,Canonical person list derived from the supplied source list and aligned to an Annuario Pontificio-style separation of canonical popes and antipopes.
pope-256,256,Benedict XV,Benedict XV,benedict-xv,,canonical-pope,,,,,,Canonical person list derived from the supplied source list and aligned to an Annuario Pontificio-style separation of canonical popes and antipopes.
pope-257,257,Pius XI,Pius XI,pius-xi,,canonical-pope,,,,,,Canonical person list derived from the supplied source list and aligned to an Annuario Pontificio-style separation of canonical popes and antipopes.
pope-258,258,Pius XII,Pius XII,pius-xii,,canonical-pope,,,,,,Canonical person list derived from the supplied source list and aligned to an Annuario Pontificio-style separation of canonical popes and antipopes.
pope-259,259,John XXIII,John XXIII,john-xxiii,Saint,canonical-pope,,,,,,Canonical person list derived from the supplied source list and aligned to an Annuario Pontificio-style separation of canonical popes and antipopes.
pope-260,260,Paul VI,Paul VI,paul-vi,,canonical-pope,,,,,,Canonical person list derived from the supplied source list and aligned to an Annuario Pontificio-style separation of canonical popes and antipopes.
pope-261,261,John Paul I,John Paul I,john-paul-i,,canonical-pope,,,,,,Canonical person list derived from the supplied source list and aligned to an Annuario Pontificio-style separation of canonical popes and antipopes.
pope-262,262,John Paul II,John Paul II,john-paul-ii,Saint,canonical-pope,,,,,,Canonical person list derived from the supplied source list and aligned to an Annuario Pontificio-style separation of canonical popes and antipopes.
pope-263,263,Benedict XVI,Benedict XVI,benedict-xvi,,canonical-pope,,,,,,Canonical person list derived from the supplied source list and aligned to an Annuario Pontificio-style separation of canonical popes and antipopes.
pope-264,264,Francis,Francis,francis,,canonical-pope,,,,,,Canonical person list derived from the supplied source list and aligned to an Annuario Pontificio-style separation of canonical popes and antipopes.
pope-265,265,Leo XIV,Leo XIV,leo-xiv,,canonical-pope,Robert Francis Prevost,"Chicago, Illinois, United States",United States / Peru,Order of Saint Augustine,Elected pope on 2025-05-08. First pope from the United States.,Added to extend the dataset beyond the original source list through the current papacy.
