pontificate_id,annuario_style_sequence,pope_id,papal_name,pontificate_ordinal_for_person,pontificate_start,pontificate_end,date_precision,is_current,is_multiple_pontificate_case,notes
pontificate-001,1,pope-001,Peter,1,,,not-yet-normalized,False,False,
pontificate-002,2,pope-002,Linus,1,,,not-yet-normalized,False,False,
pontificate-003,3,pope-003,Anacletus,1,,,not-yet-normalized,False,False,
pontificate-004,4,pope-004,Clement I,1,,,not-yet-normalized,False,False,
pontificate-005,5,pope-005,Evaristus,1,,,not-yet-normalized,False,False,
pontificate-006,6,pope-006,Alexander I,1,,,not-yet-normalized,False,False,
pontificate-007,7,pope-007,Sixtus I,1,,,not-yet-normalized,False,False,
pontificate-008,8,pope-008,Telesphorus,1,,,not-yet-normalized,False,False,
pontificate-009,9,pope-009,Hyginus,1,,,not-yet-normalized,False,False,
pontificate-010,10,pope-010,Pius I,1,,,not-yet-normalized,False,False,
pontificate-011,11,pope-011,Anicetus,1,,,not-yet-normalized,False,False,
pontificate-012,12,pope-012,Soter,1,,,not-yet-normalized,False,False,
pontificate-013,13,pope-013,Eleutherius,1,,,not-yet-normalized,False,False,
pontificate-014,14,pope-014,Victor I,1,,,not-yet-normalized,False,False,
pontificate-015,15,pope-015,Zephyrinus,1,,,not-yet-normalized,False,False,
pontificate-016,16,pope-016,Callixtus I,1,,,not-yet-normalized,False,False,
pontificate-017,17,pope-017,Urban I,1,,,not-yet-normalized,False,False,
pontificate-018,18,pope-018,Pontian,1,,,not-yet-normalized,False,False,
pontificate-019,19,pope-019,Anterus,1,,,not-yet-normalized,False,False,
pontificate-020,20,pope-020,Fabian,1,,,not-yet-normalized,False,False,
pontificate-021,21,pope-021,Cornelius,1,,,not-yet-normalized,False,False,
pontificate-022,22,pope-022,Lucius I,1,,,not-yet-normalized,False,False,
pontificate-023,23,pope-023,Stephen I,1,,,not-yet-normalized,False,False,
pontificate-024,24,pope-024,Sixtus II,1,,,not-yet-normalized,False,False,
pontificate-025,25,pope-025,Dionysius,1,,,not-yet-normalized,False,False,
pontificate-026,26,pope-026,Felix I,1,,,not-yet-normalized,False,False,
pontificate-027,27,pope-027,Eutychian,1,,,not-yet-normalized,False,False,
pontificate-028,28,pope-028,Caius,1,,,not-yet-normalized,False,False,
pontificate-029,29,pope-029,Marcellinus,1,,,not-yet-normalized,False,False,
pontificate-030,30,pope-030,Marcellus I,1,,,not-yet-normalized,False,False,
pontificate-031,31,pope-031,Eusebius,1,,,not-yet-normalized,False,False,
pontificate-032,32,pope-032,Miltiades,1,,,not-yet-normalized,False,False,
pontificate-033,33,pope-033,Sylvester I,1,,,not-yet-normalized,False,False,
pontificate-034,34,pope-034,Mark,1,,,not-yet-normalized,False,False,
pontificate-035,35,pope-035,Julius I,1,,,not-yet-normalized,False,False,
pontificate-036,36,pope-036,Liberius,1,,,not-yet-normalized,False,False,
pontificate-037,37,pope-037,Damasus I,1,,,not-yet-normalized,False,False,
pontificate-038,38,pope-038,Siricius,1,,,not-yet-normalized,False,False,
pontificate-039,39,pope-039,Anastasius I,1,,,not-yet-normalized,False,False,
pontificate-040,40,pope-040,Innocent I,1,,,not-yet-normalized,False,False,
pontificate-041,41,pope-041,Zosimus,1,,,not-yet-normalized,False,False,
pontificate-042,42,pope-042,Boniface I,1,,,not-yet-normalized,False,False,
pontificate-043,43,pope-043,Celestine I,1,,,not-yet-normalized,False,False,
pontificate-044,44,pope-044,Sixtus III,1,,,not-yet-normalized,False,False,
pontificate-045,45,pope-045,Leo I,1,,,not-yet-normalized,False,False,
pontificate-046,46,pope-046,Hilarius,1,,,not-yet-normalized,False,False,
pontificate-047,47,pope-047,Simplicius,1,,,not-yet-normalized,False,False,
pontificate-048,48,pope-048,Felix III (Felix II),1,,,not-yet-normalized,False,False,
pontificate-049,49,pope-049,Gelasius I,1,,,not-yet-normalized,False,False,
pontificate-050,50,pope-050,Anastasius II,1,,,not-yet-normalized,False,False,
pontificate-051,51,pope-051,Symmachus,1,,,not-yet-normalized,False,False,
pontificate-052,52,pope-052,Hormisdas,1,,,not-yet-normalized,False,False,
pontificate-053,53,pope-053,John I,1,,,not-yet-normalized,False,False,
pontificate-054,54,pope-054,Felix IV (Felix III),1,,,not-yet-normalized,False,False,
pontificate-055,55,pope-055,Boniface II,1,,,not-yet-normalized,False,False,
pontificate-056,56,pope-056,John II,1,,,not-yet-normalized,False,False,
pontificate-057,57,pope-057,Agapetus I,1,,,not-yet-normalized,False,False,
pontificate-058,58,pope-058,Silverius,1,,,not-yet-normalized,False,False,
pontificate-059,59,pope-059,Vigilius,1,,,not-yet-normalized,False,False,
pontificate-060,60,pope-060,Pelagius I,1,,,not-yet-normalized,False,False,
pontificate-061,61,pope-061,John III,1,,,not-yet-normalized,False,False,
pontificate-062,62,pope-062,Benedict I,1,,,not-yet-normalized,False,False,
pontificate-063,63,pope-063,Pelagius II,1,,,not-yet-normalized,False,False,
pontificate-064,64,pope-064,Gregory I,1,,,not-yet-normalized,False,False,
pontificate-065,65,pope-065,Sabinian,1,,,not-yet-normalized,False,False,
pontificate-066,66,pope-066,Boniface III,1,,,not-yet-normalized,False,False,
pontificate-067,67,pope-067,Boniface IV,1,,,not-yet-normalized,False,False,
pontificate-068,68,pope-068,Adeodatus I,1,,,not-yet-normalized,False,False,
pontificate-069,69,pope-069,Boniface V,1,,,not-yet-normalized,False,False,
pontificate-070,70,pope-070,Honorius I,1,,,not-yet-normalized,False,False,
pontificate-071,71,pope-071,Severinus,1,,,not-yet-normalized,False,False,
pontificate-072,72,pope-072,John IV,1,,,not-yet-normalized,False,False,
pontificate-073,73,pope-073,Theodore I,1,,,not-yet-normalized,False,False,
pontificate-074,74,pope-074,Martin I,1,,,not-yet-normalized,False,False,
pontificate-075,75,pope-075,Eugene I,1,,,not-yet-normalized,False,False,
pontificate-076,76,pope-076,Vitalian,1,,,not-yet-normalized,False,False,
pontificate-077,77,pope-077,Adeodatus II,1,,,not-yet-normalized,False,False,
pontificate-078,78,pope-078,Donus,1,,,not-yet-normalized,False,False,
pontificate-079,79,pope-079,Agatho,1,,,not-yet-normalized,False,False,
pontificate-080,80,pope-080,Leo II,1,,,not-yet-normalized,False,False,
pontificate-081,81,pope-081,Benedict II,1,,,not-yet-normalized,False,False,
pontificate-082,82,pope-082,John V,1,,,not-yet-normalized,False,False,
pontificate-083,83,pope-083,Conon,1,,,not-yet-normalized,False,False,
pontificate-084,84,pope-084,Sergius I,1,,,not-yet-normalized,False,False,
pontificate-085,85,pope-085,John VI,1,,,not-yet-normalized,False,False,
pontificate-086,86,pope-086,John VII,1,,,not-yet-normalized,False,False,
pontificate-087,87,pope-087,Sisinnius,1,,,not-yet-normalized,False,False,
pontificate-088,88,pope-088,Constantine,1,,,not-yet-normalized,False,False,
pontificate-089,89,pope-089,Gregory II,1,,,not-yet-normalized,False,False,
pontificate-090,90,pope-090,Gregory III,1,,,not-yet-normalized,False,False,
pontificate-091,91,pope-091,Zachary,1,,,not-yet-normalized,False,False,
pontificate-092,92,pope-092,Stephen II (III),1,,,not-yet-normalized,False,False,
pontificate-093,93,pope-093,Paul I,1,,,not-yet-normalized,False,False,
pontificate-094,94,pope-094,Stephen III (IV),1,,,not-yet-normalized,False,False,
pontificate-095,95,pope-095,Adrian I,1,,,not-yet-normalized,False,False,
pontificate-096,96,pope-096,Leo III,1,,,not-yet-normalized,False,False,
pontificate-097,97,pope-097,Stephen IV (V),1,,,not-yet-normalized,False,False,
pontificate-098,98,pope-098,Paschal I,1,,,not-yet-normalized,False,False,
pontificate-099,99,pope-099,Eugene II,1,,,not-yet-normalized,False,False,
pontificate-100,100,pope-100,Valentine,1,,,not-yet-normalized,False,False,
pontificate-101,101,pope-101,Gregory IV,1,,,not-yet-normalized,False,False,
pontificate-102,102,pope-102,Sergius II,1,,,not-yet-normalized,False,False,
pontificate-103,103,pope-103,Leo IV,1,,,not-yet-normalized,False,False,
pontificate-104,104,pope-104,Benedict III,1,,,not-yet-normalized,False,False,
pontificate-105,105,pope-105,Nicholas I,1,,,not-yet-normalized,False,False,
pontificate-106,106,pope-106,Adrian II,1,,,not-yet-normalized,False,False,
pontificate-107,107,pope-107,John VIII,1,,,not-yet-normalized,False,False,
pontificate-108,108,pope-108,Marinus I,1,,,not-yet-normalized,False,False,
pontificate-109,109,pope-109,Adrian III,1,,,not-yet-normalized,False,False,
pontificate-110,110,pope-110,Stephen V (VI),1,,,not-yet-normalized,False,False,
pontificate-111,111,pope-111,Formosus,1,,,not-yet-normalized,False,False,
pontificate-112,112,pope-112,Boniface VI,1,,,not-yet-normalized,False,False,
pontificate-113,113,pope-113,Stephen VI (VII),1,,,not-yet-normalized,False,False,
pontificate-114,114,pope-114,Romanus,1,,,not-yet-normalized,False,False,
pontificate-115,115,pope-115,Theodore II,1,,,not-yet-normalized,False,False,
pontificate-116,116,pope-116,John IX,1,,,not-yet-normalized,False,False,
pontificate-117,117,pope-117,Benedict IV,1,,,not-yet-normalized,False,False,
pontificate-118,118,pope-118,Leo V,1,,,not-yet-normalized,False,False,
pontificate-119,119,pope-119,Sergius III,1,,,not-yet-normalized,False,False,
pontificate-120,120,pope-120,Anastasius III,1,,,not-yet-normalized,False,False,
pontificate-121,121,pope-121,Lando,1,,,not-yet-normalized,False,False,
pontificate-122,122,pope-122,John X,1,,,not-yet-normalized,False,False,
pontificate-123,123,pope-123,Leo VI,1,,,not-yet-normalized,False,False,
pontificate-124,124,pope-124,Stephen VII (VIII),1,,,not-yet-normalized,False,False,
pontificate-125,125,pope-125,Marinus II,1,,,not-yet-normalized,False,False,
pontificate-126,126,pope-126,Agapetus II,1,,,not-yet-normalized,False,False,
pontificate-127,127,pope-127,John XI,1,,,not-yet-normalized,False,False,
pontificate-128,128,pope-128,Leo VII,1,,,not-yet-normalized,False,False,
pontificate-129,129,pope-129,Stephen VIII (IX),1,,,not-yet-normalized,False,False,
pontificate-130,130,pope-130,John XII,1,,,not-yet-normalized,False,False,
pontificate-131,131,pope-131,Leo VIII,1,,,not-yet-normalized,False,False,
pontificate-132,132,pope-132,Benedict V,1,,,not-yet-normalized,False,False,
pontificate-133,133,pope-133,John XIII,1,,,not-yet-normalized,False,False,
pontificate-134,134,pope-134,Benedict VI,1,,,not-yet-normalized,False,False,
pontificate-135,135,pope-135,Benedict VII,1,,,not-yet-normalized,False,False,
pontificate-136,136,pope-136,John XIV,1,,,not-yet-normalized,False,False,
pontificate-137,137,pope-137,John XV,1,,,not-yet-normalized,False,False,
pontificate-138,138,pope-138,Gregory V,1,,,not-yet-normalized,False,False,
pontificate-139,139,pope-139,Sylvester II,1,,,not-yet-normalized,False,False,
pontificate-140,140,pope-140,John XVII,1,,,not-yet-normalized,False,False,
pontificate-141,141,pope-141,John XVIII,1,,,not-yet-normalized,False,False,
pontificate-142,142,pope-142,Sergius IV,1,,,not-yet-normalized,False,False,
pontificate-143,143,pope-143,Benedict VIII,1,,,not-yet-normalized,False,False,
pontificate-144,144,pope-144,John XIX,1,,,not-yet-normalized,False,False,
pontificate-145,145,pope-145,Benedict IX,1,1032,1044,mixed,False,True,First pontificate of Benedict IX.
pontificate-146,146,pope-146,Sylvester III,1,,,not-yet-normalized,False,False,
pontificate-147,147,pope-145,Benedict IX,2,1045,1045,mixed,False,True,Second pontificate of Benedict IX.
pontificate-148,148,pope-147,Gregory VI,1,,,not-yet-normalized,False,False,
pontificate-149,149,pope-148,Clement II,1,,,not-yet-normalized,False,False,
pontificate-150,150,pope-145,Benedict IX,3,1047,1048,mixed,False,True,Third pontificate of Benedict IX.
pontificate-151,151,pope-149,Damasus II,1,,,not-yet-normalized,False,False,
pontificate-152,152,pope-150,Leo IX,1,,,not-yet-normalized,False,False,
pontificate-153,153,pope-151,Victor II,1,,,not-yet-normalized,False,False,
pontificate-154,154,pope-152,Stephen IX (X),1,,,not-yet-normalized,False,False,
pontificate-155,155,pope-153,Nicholas II,1,,,not-yet-normalized,False,False,
pontificate-156,156,pope-154,Alexander II,1,,,not-yet-normalized,False,False,
pontificate-157,157,pope-155,Gregory VII,1,,,not-yet-normalized,False,False,
pontificate-158,158,pope-156,Victor III,1,,,not-yet-normalized,False,False,
pontificate-159,159,pope-157,Urban II,1,,,not-yet-normalized,False,False,
pontificate-160,160,pope-158,Paschal II,1,,,not-yet-normalized,False,False,
pontificate-161,161,pope-159,Gelasius II,1,,,not-yet-normalized,False,False,
pontificate-162,162,pope-160,Callixtus II,1,,,not-yet-normalized,False,False,
pontificate-163,163,pope-161,Honorius II,1,,,not-yet-normalized,False,False,
pontificate-164,164,pope-162,Innocent II,1,,,not-yet-normalized,False,False,
pontificate-165,165,pope-163,Celestine II,1,,,not-yet-normalized,False,False,
pontificate-166,166,pope-164,Lucius II,1,,,not-yet-normalized,False,False,
pontificate-167,167,pope-165,Eugene III,1,,,not-yet-normalized,False,False,
pontificate-168,168,pope-166,Anastasius IV,1,,,not-yet-normalized,False,False,
pontificate-169,169,pope-167,Adrian IV,1,,,not-yet-normalized,False,False,
pontificate-170,170,pope-168,Alexander III,1,,,not-yet-normalized,False,False,
pontificate-171,171,pope-169,Lucius III,1,,,not-yet-normalized,False,False,
pontificate-172,172,pope-170,Urban III,1,,,not-yet-normalized,False,False,
pontificate-173,173,pope-171,Gregory VIII,1,,,not-yet-normalized,False,False,
pontificate-174,174,pope-172,Clement III,1,,,not-yet-normalized,False,False,
pontificate-175,175,pope-173,Celestine III,1,,,not-yet-normalized,False,False,
pontificate-176,176,pope-174,Innocent III,1,,,not-yet-normalized,False,False,
pontificate-177,177,pope-175,Honorius III,1,,,not-yet-normalized,False,False,
pontificate-178,178,pope-176,Gregory IX,1,,,not-yet-normalized,False,False,
pontificate-179,179,pope-177,Celestine IV,1,,,not-yet-normalized,False,False,
pontificate-180,180,pope-178,Innocent IV,1,,,not-yet-normalized,False,False,
pontificate-181,181,pope-179,Alexander IV,1,,,not-yet-normalized,False,False,
pontificate-182,182,pope-180,Urban IV,1,,,not-yet-normalized,False,False,
pontificate-183,183,pope-181,Clement IV,1,,,not-yet-normalized,False,False,
pontificate-184,184,pope-182,Gregory X,1,,,not-yet-normalized,False,False,
pontificate-185,185,pope-183,Innocent V,1,,,not-yet-normalized,False,False,
pontificate-186,186,pope-184,Adrian V,1,,,not-yet-normalized,False,False,
pontificate-187,187,pope-185,John XXI,1,,,not-yet-normalized,False,False,
pontificate-188,188,pope-186,Nicholas III,1,,,not-yet-normalized,False,False,
pontificate-189,189,pope-187,Martin IV,1,,,not-yet-normalized,False,False,
pontificate-190,190,pope-188,Honorius IV,1,,,not-yet-normalized,False,False,
pontificate-191,191,pope-189,Nicholas IV,1,,,not-yet-normalized,False,False,
pontificate-192,192,pope-190,Celestine V,1,,,not-yet-normalized,False,False,
pontificate-193,193,pope-191,Boniface VIII,1,,,not-yet-normalized,False,False,
pontificate-194,194,pope-192,Benedict XI,1,,,not-yet-normalized,False,False,
pontificate-195,195,pope-193,Clement V,1,,,not-yet-normalized,False,False,
pontificate-196,196,pope-194,John XXII,1,,,not-yet-normalized,False,False,
pontificate-197,197,pope-195,Benedict XII,1,,,not-yet-normalized,False,False,
pontificate-198,198,pope-196,Clement VI,1,,,not-yet-normalized,False,False,
pontificate-199,199,pope-197,Innocent VI,1,,,not-yet-normalized,False,False,
pontificate-200,200,pope-198,Urban V,1,,,not-yet-normalized,False,False,
pontificate-201,201,pope-199,Gregory XI,1,,,not-yet-normalized,False,False,
pontificate-202,202,pope-200,Urban VI,1,,,not-yet-normalized,False,False,
pontificate-203,203,pope-201,Boniface IX,1,,,not-yet-normalized,False,False,
pontificate-204,204,pope-202,Innocent VII,1,,,not-yet-normalized,False,False,
pontificate-205,205,pope-203,Gregory XII,1,,,not-yet-normalized,False,False,
pontificate-206,206,pope-204,Martin V,1,,,not-yet-normalized,False,False,
pontificate-207,207,pope-205,Eugene IV,1,,,not-yet-normalized,False,False,
pontificate-208,208,pope-206,Nicholas V,1,,,not-yet-normalized,False,False,
pontificate-209,209,pope-207,Callixtus III,1,,,not-yet-normalized,False,False,
pontificate-210,210,pope-208,Pius II,1,,,not-yet-normalized,False,False,
pontificate-211,211,pope-209,Paul II,1,,,not-yet-normalized,False,False,
pontificate-212,212,pope-210,Sixtus IV,1,,,not-yet-normalized,False,False,
pontificate-213,213,pope-211,Innocent VIII,1,,,not-yet-normalized,False,False,
pontificate-214,214,pope-212,Alexander VI,1,,,not-yet-normalized,False,False,
pontificate-215,215,pope-213,Pius III,1,,,not-yet-normalized,False,False,
pontificate-216,216,pope-214,Julius II,1,,,not-yet-normalized,False,False,
pontificate-217,217,pope-215,Leo X,1,,,not-yet-normalized,False,False,
pontificate-218,218,pope-216,Adrian VI,1,,,not-yet-normalized,False,False,
pontificate-219,219,pope-217,Clement VII,1,,,not-yet-normalized,False,False,
pontificate-220,220,pope-218,Paul III,1,,,not-yet-normalized,False,False,
pontificate-221,221,pope-219,Julius III,1,,,not-yet-normalized,False,False,
pontificate-222,222,pope-220,Marcellus II,1,,,not-yet-normalized,False,False,
pontificate-223,223,pope-221,Paul IV,1,,,not-yet-normalized,False,False,
pontificate-224,224,pope-222,Pius IV,1,,,not-yet-normalized,False,False,
pontificate-225,225,pope-223,Pius V,1,,,not-yet-normalized,False,False,
pontificate-226,226,pope-224,Gregory XIII,1,,,not-yet-normalized,False,False,
pontificate-227,227,pope-225,Sixtus V,1,,,not-yet-normalized,False,False,
pontificate-228,228,pope-226,Urban VII,1,,,not-yet-normalized,False,False,
pontificate-229,229,pope-227,Gregory XIV,1,,,not-yet-normalized,False,False,
pontificate-230,230,pope-228,Innocent IX,1,,,not-yet-normalized,False,False,
pontificate-231,231,pope-229,Clement VIII,1,,,not-yet-normalized,False,False,
pontificate-232,232,pope-230,Leo XI,1,,,not-yet-normalized,False,False,
pontificate-233,233,pope-231,Paul V,1,,,not-yet-normalized,False,False,
pontificate-234,234,pope-232,Gregory XV,1,,,not-yet-normalized,False,False,
pontificate-235,235,pope-233,Urban VIII,1,,,not-yet-normalized,False,False,
pontificate-236,236,pope-234,Innocent X,1,,,not-yet-normalized,False,False,
pontificate-237,237,pope-235,Alexander VII,1,,,not-yet-normalized,False,False,
pontificate-238,238,pope-236,Clement IX,1,,,not-yet-normalized,False,False,
pontificate-239,239,pope-237,Clement X,1,,,not-yet-normalized,False,False,
pontificate-240,240,pope-238,Innocent XI,1,,,not-yet-normalized,False,False,
pontificate-241,241,pope-239,Alexander VIII,1,,,not-yet-normalized,False,False,
pontificate-242,242,pope-240,Innocent XII,1,,,not-yet-normalized,False,False,
pontificate-243,243,pope-241,Clement XI,1,,,not-yet-normalized,False,False,
pontificate-244,244,pope-242,Innocent XIII,1,,,not-yet-normalized,False,False,
pontificate-245,245,pope-243,Benedict XIII,1,,,not-yet-normalized,False,False,
pontificate-246,246,pope-244,Clement XII,1,,,not-yet-normalized,False,False,
pontificate-247,247,pope-245,Benedict XIV,1,,,not-yet-normalized,False,False,
pontificate-248,248,pope-246,Clement XIII,1,,,not-yet-normalized,False,False,
pontificate-249,249,pope-247,Clement XIV,1,,,not-yet-normalized,False,False,
pontificate-250,250,pope-248,Pius VI,1,,,not-yet-normalized,False,False,
pontificate-251,251,pope-249,Pius VII,1,,,not-yet-normalized,False,False,
pontificate-252,252,pope-250,Leo XII,1,,,not-yet-normalized,False,False,
pontificate-253,253,pope-251,Pius VIII,1,,,not-yet-normalized,False,False,
pontificate-254,254,pope-252,Gregory XVI,1,,,not-yet-normalized,False,False,
pontificate-255,255,pope-253,Pius IX,1,,,not-yet-normalized,False,False,
pontificate-256,256,pope-254,Leo XIII,1,,,not-yet-normalized,False,False,
pontificate-257,257,pope-255,Pius X,1,1903-08-04,1914-08-20,mixed,False,False,
pontificate-258,258,pope-256,Benedict XV,1,1914-09-03,1922-01-22,mixed,False,False,
pontificate-259,259,pope-257,Pius XI,1,1922-02-06,1939-02-10,mixed,False,False,
pontificate-260,260,pope-258,Pius XII,1,1939-03-02,1958-10-09,mixed,False,False,
pontificate-261,261,pope-259,John XXIII,1,1958-10-28,1963-06-03,mixed,False,False,
pontificate-262,262,pope-260,Paul VI,1,1963-06-21,1978-08-06,mixed,False,False,
pontificate-263,263,pope-261,John Paul I,1,1978-08-26,1978-09-28,mixed,False,False,
pontificate-264,264,pope-262,John Paul II,1,1978-10-16,2005-04-02,mixed,False,False,
pontificate-265,265,pope-263,Benedict XVI,1,2005-04-19,2013-02-28,mixed,False,False,Pontificate ended by resignation.
pontificate-266,266,pope-264,Francis,1,2013-03-13,2025-04-21,mixed,False,False,Pontificate ended with the death of Pope Francis.
pontificate-267,267,pope-265,Leo XIV,1,2025-05-08,,mixed,True,False,Current pope.
